"","trueNe","trueNe2","trueNe3","trueNe4","Ne","NeSv","Ne2","NeSv2","alpha","pcrit","r2","Va","Se","Sved","Jp","IndComp","Cjup","Cjdown","Njup","Njdown","lJup","Ljdown","pup","pdown","CjupSv","CjdownSv","NjupSv","NjdownSv","lJupSv","LjdownSv","pupSv","pdownSv","pop_size","sample_size","n_loci","al_per_loc","n_gen","n_rep","allele_dist"
"1",99.5,101.015228426,111.173184358,102.051282051,100.384324230988,100.645742023815,NA,NA,0.01,0,0.0135710988977097,9.6720690876168e-06,0.0031099950301595,0.0102591521960355,39.3702885288086,57,-99.3693484955085,24.2111790910268,-72.0590818644392,27.3561971277267,-152.334149124858,18.4301877584402,-216.802487847574,23.4760651523475,-99.0730940364245,26.3494569434404,-70.9390469446465,29.4392218864798,-154.459832163515,20.6849905595416,-223.364397195304,25.6277712941496,100,100,5,10,50,10,1
"2",116.374269006,95.2153110048,107.567567568,103.645833333,62.6326976582897,65.3290163724525,NA,NA,0.01,0,0.0154651414794122,6.53598640443643e-06,0.0025565575300463,0.0103627635187073,54.8607793188418,157,-518.045071727315,24.3591310630086,-233.675766705437,26.1659527643494,-825.929677408182,17.8546680949149,228.54612206285,28.7092339968733,-483.246394082313,26.714744376553,-224.788127536738,28.520172696897,-743.449171240789,20.2498213480197,237.836788144402,31.0662788130623,100,100,5,10,50,10,1
"3",111.173184358,93.4272300469,103.10880829,87.2807017544,209.296133306838,194.881928033815,NA,NA,0.01,0,0.0118958880385717,6.20707813534864e-06,0.00249140083795214,0.0101854506640221,100.295738508661,77,-88.3158877139935,34.9714322714375,-70.8741658040901,39.5118748871391,-184.366793508301,43.2486176258329,-154.135055430698,37.2296564912256,-89.3835738920674,36.6262017032441,-70.8167263839061,41.0112017520954,-196.686985020079,44.6108238072594,-161.961713037267,38.8085775554886,100,100,5,10,50,10,1
"4",93.4272300469,97.5490196078,89.6396396396,90.4545454545,420.697509074465,442.993905512503,NA,NA,0.01,0,0.0111074363298192,1.23007065311527e-05,0.00350723630956807,0.0103549805303479,162.502358300722,57,-55.9069722472363,25.820850754928,-42.3992160834075,31.7212566270756,-183.962345287528,68.117608487173,-108.063801419239,36.0158385997301,-53.5989746261032,28.1565771566562,-40.2499379733134,34.0605330014338,-178.412037614091,70.789291288817,-104.832860090444,38.3703311490597,100,100,5,10,50,10,1
"5",109.340659341,105.291005291,95.6730769231,102.577319588,143.849671670713,158.864057240164,NA,NA,0.01,0,0.0126028888360234,5.3355987808811e-06,0.00230989150846552,0.0105046588202219,76.5064056053726,78,-118.100030754164,34.7358951587328,-92.9505929036783,38.2953734185388,-196.037257959403,32.4983594858297,-199.37801627626,32.851143872685,-109.018118167221,37.7129399107045,-86.5428569731841,41.4175594541667,-175.072758171429,35.3934111214257,-177.788905089781,35.7586363390069,100,100,5,10,50,10,1
"6",99.5,96.1352657005,93.8679245283,99.0049751244,285.626417378566,302.353292015208,NA,NA,0.01,0,0.0114775678713995,9.37598700401199e-06,0.00306202335131723,0.0103751048186189,118.947115337823,75,-66.0821403557215,29.3255261101715,-51.5292313595183,34.6479155335536,-176.249194528523,52.1809944341579,-134.647951321311,39.9238882252292,-63.3913529694149,31.7212026565349,-49.1295248689463,37.0794207544006,-169.240924169652,54.8380303406397,-129.714066619865,42.4076367091291,100,100,5,10,50,10,1
"7",101.015228426,104.188481675,94.7619047619,99.5,-482.067217725528,-530.89501578272,NA,NA,0.01,0,0.00962456433483619,5.79532221215655e-06,0.00240734754702277,0.0102524348618214,33.9664713637764,57,-59.7792116229201,48.1370549566334,-50.3299697704803,58.3886489416847,-71.8848063051289,32.80424473258,-83.2887483039306,51.7719897669012,-58.4529271127691,49.7998452013608,-48.8129647435371,59.8116978746054,-70.8614951002014,34.7705445007421,-82.6096215525316,53.3536249714364,100,100,5,10,50,10,1
"8",93.4272300469,94.3127962085,110.555555556,117.75147929,51.0650445807985,53.3226206421269,NA,NA,0.01,0,0.0165820152858882,7.96785591096466e-06,0.00282273907950499,0.0103307596401748,68.0659533359542,67,-3138.56189331035,20.7984102933471,-332.78481640859,22.3481877555944,435.369461473357,17.6078495123645,454.704818012519,17.4676854494408,-2824.01056814081,23.1160377080773,-326.913282293374,24.650912846573,444.306213130799,19.967677356604,464.265862320743,19.8298302893455,100,100,5,10,50,10,1
"9",103.10880829,101.530612245,104.736842105,100.505050505,51.3183963657968,54.0028868735464,NA,NA,0.01,0,0.0165523955303288,1.55864831809112e-05,0.00394797203395758,0.0103798860103494,35.7062937416912,53,-155.392052985517,15.981372191958,-86.712095076526,17.9825831100032,-506.03789845632,11.9213986693214,1523.21147579193,15.4336769813401,-149.170917035518,18.4211615486493,-83.4002091529653,20.3975753735063,-461.49340628032,14.4644672954754,2114.35509360736,17.8825359245078,100,100,5,10,50,10,1
"10",106.989247312,98.0295566502,92.9906542056,106.989247312,51.1204236540171,53.3372078954719,NA,NA,0.01,0,0.0165755168625343,9.75568378943014e-06,0.00312340900130453,0.0103259708798014,34.283136960888,65,-488.583951533065,19.325749337484,-188.386793026563,21.0107237131185,-451.340580902296,11.5323426583294,500.548237982196,17.2109947045203,-481.622429938566,21.6538678635509,-185.615974102142,23.3183161262905,-445.098054075198,14.059312244949,507.966195513147,19.5720021918678,100,100,5,10,50,10,1
"11",99.5,101.015228426,111.173184358,102.051282051,100.384324230988,99.9767361962166,NA,NA,0.01,0.01,0.0135710988977097,9.6720690876168e-06,0.0031099950301595,0.0102369899238068,39.3702885288086,57,-99.3693484955085,24.2111790910268,-72.0590818644392,27.3561971277267,-152.334149124858,18.4301877584402,-216.802487847574,23.4760651523475,-99.7300211350612,26.303376281754,-71.275217320395,29.3817124686544,-156.062522882155,20.6565819924906,-226.731539155111,25.5841781844205,100,100,5,10,50,10,1
"12",116.374269006,95.2153110048,107.567567568,103.645833333,52.2766106947335,54.6279121096823,NA,NA,0.01,0.01,0.0164428536633213,6.95842413526713e-06,0.0026378825097542,0.0103409669087248,67.3108686038984,157,2699.78498731698,22.0290341885313,-498.920252639475,23.5329705380716,513.59331652863,17.7864695974262,150.175692422604,25.2776763138054,3287.14732578905,24.3527391178224,-481.105787387786,25.8465618299157,533.812311275803,20.1558443489984,153.818190605847,27.5823545900519,100,100,5,10,50,10,1
"13",111.173184358,93.4272300469,103.10880829,87.2807017544,209.296133306838,233.003589571156,NA,NA,0.01,0.01,0.0118958880385717,6.20707813534864e-06,0.00249140083795214,0.0104652949136039,100.295738508661,77,-88.3158877139935,34.9714322714375,-70.8741658040901,39.5118748871391,-184.366793508301,43.2486176258329,-154.135055430698,37.2296564912256,-83.1443830163271,37.7881454498556,-66.8427282697436,42.473577514176,-168.811893261537,46.3466084596855,-142.575424324207,40.1155863544015,100,100,5,10,50,10,1
"14",93.4272300469,97.5490196078,89.6396396396,90.4545454545,420.697509074465,410.474793968219,NA,NA,0.01,0.01,0.0111074363298192,1.23007065311527e-05,0.00350723630956807,0.0102953686018331,162.502358300722,57,-55.9069722472363,25.820850754928,-42.3992160834075,31.7212566270756,-183.962345287528,68.117608487173,-108.063801419239,36.0158385997301,-54.1177153722747,28.0155077681513,-40.541762823174,33.8543181508947,-184.292147060794,69.9043263879709,-106.835803513277,38.1088288111493,100,100,5,10,50,10,1
"15",109.340659341,105.291005291,95.6730769231,102.577319588,143.849671670713,144.584016276565,NA,NA,0.01,0.01,0.0126028888360234,5.3355987808811e-06,0.00230989150846552,0.0102974242216243,76.5064056053726,78,-118.100030754164,34.7358951587328,-92.9505929036783,38.2953734185388,-196.037257959403,32.4983594858297,-199.37801627626,32.851143872685,-116.944245722107,36.8489687493374,-91.463987427017,40.3778518191538,-196.455659798164,34.6313747993083,-199.882303257947,34.9809647196026,100,100,5,10,50,10,1
"16",99.5,96.1352657005,93.8679245283,99.0049751244,285.626417378566,282.167278289743,NA,NA,0.01,0.01,0.0114775678713995,9.37598700401199e-06,0.00306202335131723,0.0102962355236031,118.947115337823,75,-66.0821403557215,29.3255261101715,-51.5292313595183,34.6479155335536,-176.249194528523,52.1809944341579,-134.647951321311,39.9238882252292,-64.3566312570297,31.4848932101851,-49.7073445640788,36.756941690842,-176.300661515444,54.1356147636427,-133.82122343102,41.9863464964004,100,100,5,10,50,10,1
"17",101.015228426,104.188481675,94.7619047619,99.5,-482.067217725528,-468.101355356117,NA,NA,0.01,0.01,0.00962456433483619,5.79532221215655e-06,0.00240734754702277,0.0103366608274425,33.9664713637764,57,-59.7792116229201,48.1370549566334,-50.3299697704803,58.3886489416847,-71.8848063051289,32.80424473258,-83.2887483039306,51.7719897669012,-57.602156924655,50.4344783895135,-48.2182429947547,60.7295086490173,-69.6150287139566,35.0787374501449,-80.9205169908936,54.0827294853183,100,100,5,10,50,10,1
"18",93.4272300469,94.3127962085,110.555555556,117.75147929,53.4447128851207,53.5457301291484,NA,NA,0.01,0.01,0.016314406804009,1.07288455033416e-05,0.00327549164299676,0.0100891983227845,62.8245038432456,67,-277.765913133629,18.9626784745571,-138.556406574388,20.7971927306352,789.903520913093,17.4147128604303,602.412641491442,18.0068732982296,-340.416465818194,20.978475608504,-150.700078063914,22.734016713212,512.278066028215,19.4982842759253,426.677094124757,20.0643091959624,100,100,5,10,50,10,1
"19",103.10880829,101.530612245,104.736842105,100.505050505,44.5624865118601,45.3425094330404,NA,NA,0.01,0.01,0.0174516688108921,1.92927981409492e-05,0.004392356786618,0.0101002156711936,30.8680337410925,53,-159.735439495852,13.8228241435719,-81.7390391054756,15.6854389076009,-677.31315401553,9.63100909770622,419.310574319186,14.0095584422219,-175.897597671566,16.0857641189331,-84.1218031474701,17.8583408370811,-1212.73686593448,12.169729068341,330.093271085327,16.2629730165214,100,100,5,10,50,10,1
"20",106.989247312,98.0295566502,92.9906542056,106.989247312,51.1204236540171,52.6458828986735,NA,NA,0.01,0.01,0.0165755168625343,1.06437580701357e-05,0.00326247729036321,0.0102439043036777,34.283136960888,65,-355.454201044791,18.6915344524286,-157.293608947743,20.4341206409923,-451.340580902296,11.5323426583294,500.548237982196,17.2109947045203,-383.965857304232,20.9202610897182,-160.877331179943,22.6215726595734,-499.875972806709,14.0108152251599,451.500969808128,19.4781443841562,100,100,5,10,50,10,1
"21",99.5,101.015228426,111.173184358,102.051282051,128.579367825526,125.488828205539,NA,NA,0.01,0.02,0.0128696969242654,1.08591841947247e-05,0.00329532763086232,0.0102134179701949,32.0757858384222,57,-78.471690630204,24.1735640692881,-58.1391409013744,27.9607505157924,-113.017040827419,17.4153120417526,-168.272863904322,26.1342273711728,-78.3523334943829,26.2178725485483,-57.1566806758475,29.9101726109069,-115.027946006799,19.6415808866441,-175.46670451671,28.1294055937558,100,100,5,10,50,10,1
"22",116.374269006,95.2153110048,107.567567568,103.645833333,52.2766106947335,54.7953111950777,NA,NA,0.01,0.02,0.0164428536633213,6.95842413526713e-06,0.0026378825097542,0.0103596081070249,67.3108686038984,157,2699.78498731698,22.0290341885313,-498.920252639475,23.5329705380716,513.59331652863,17.7864695974262,150.175692422604,25.2776763138054,4027.52328876847,24.3859501657537,-468.500698712233,25.8839753731184,550.238415520392,20.1785893981803,155.15282547859,27.6249662226769,100,100,5,10,50,10,1
"23",111.173184358,93.4272300469,103.10880829,87.2807017544,209.296133306838,204.318245397549,NA,NA,0.01,0.02,0.0118958880385717,6.20707813534864e-06,0.00249140083795214,0.0102644462028964,100.295738508661,77,-88.3158877139935,34.9714322714375,-70.8741658040901,39.5118748871391,-184.366793508301,43.2486176258329,-154.135055430698,37.2296564912256,-87.5294626029152,36.9468978064645,-69.6478531818437,41.4137059478554,-187.927284044153,45.0874964028959,-155.974963690247,39.1688176164083,100,100,5,10,50,10,1
"24",93.4272300469,97.5490196078,89.6396396396,90.4545454545,420.697509074465,455.075568888392,NA,NA,0.01,0.02,0.0111074363298192,1.27556331166955e-05,0.00357150292127774,0.0103749572513497,162.502358300722,57,-55.1307335133225,25.259024607344,-41.6018407604438,31.156002251907,-183.962345287528,68.117608487173,-108.063801419239,36.0158385997301,-52.6658652610224,27.6414761866291,-39.3680508025777,33.5613458927304,-176.52459035693,71.0908882517727,-104.178343976658,38.4587686335883,100,100,5,10,50,10,1
"25",109.340659341,105.291005291,95.6730769231,102.577319588,143.849671670713,153.98435713673,NA,NA,0.01,0.02,0.0126028888360234,5.3355987808811e-06,0.00230989150846552,0.0104381667854755,76.5064056053726,78,-118.100030754164,34.7358951587328,-92.9505929036783,38.2953734185388,-196.037257959403,32.4983594858297,-199.37801627626,32.851143872685,-111.441583624596,37.4313502139178,-88.0631108833716,41.078179202496,-181.408040654846,35.145280528769,-184.325958512713,35.5053767187291,100,100,5,10,50,10,1
"26",99.5,96.1352657005,93.8679245283,99.0049751244,650.461149528898,577.257755831555,NA,NA,0.01,0.02,0.0108298261234333,8.25681105447996e-06,0.00287346673105501,0.0102523833260591,127.012751260948,75,-62.9874799862927,33.5217982625951,-50.3624201781977,39.9449098749049,-146.156939755976,64.3528951630497,-114.869035819538,46.2318963951713,-61.7357491118156,35.4747368643466,-48.8463683702675,41.7763158872432,-148.389701648536,65.6197137562438,-115.438848579579,47.9352683531561,100,100,5,10,50,10,1
"27",101.015228426,104.188481675,94.7619047619,99.5,-482.067217725528,-444.265857716062,NA,NA,0.01,0.02,0.00962456433483619,5.79532221215655e-06,0.00240734754702277,0.0103748658210836,33.9664713637764,57,-59.7792116229201,48.1370549566334,-50.3299697704803,58.3886489416847,-71.8848063051289,32.80424473258,-83.2887483039306,51.7719897669012,-57.2243577026979,50.7277123034495,-47.9532278982704,61.1551799810489,-69.0639724446328,35.2203425569814,-80.1769000148075,54.4200626382622,100,100,5,10,50,10,1
"28",93.4272300469,94.3127962085,110.555555556,117.75147929,53.4447128851207,54.2777473025581,NA,NA,0.01,0.02,0.016314406804009,1.07288455033416e-05,0.00327549164299676,0.010173154635321,62.8245038432456,67,-277.765913133629,18.9626784745571,-138.556406574388,20.7971927306352,789.903520913093,17.4147128604303,602.412641491442,18.0068732982296,-313.533959535678,21.0899110364566,-145.189180462649,22.8649411981616,588.167516307131,19.5945131680846,478.051740124502,20.166220729915,100,100,5,10,50,10,1
"29",103.10880829,101.530612245,104.736842105,100.505050505,44.5624865118601,47.1974247021045,NA,NA,0.01,0.02,0.0174516688108921,1.92927981409492e-05,0.004392356786618,0.0103891365766181,30.8680337410925,53,-159.735439495852,13.8228241435719,-81.7390391054756,15.6854389076009,-677.31315401553,9.63100909770622,419.310574319186,14.0095584422219,-152.627745737062,16.3132117358945,-78.4050083882741,18.1391151854657,-591.245813595208,12.2994671368683,462.388387113486,16.4954958128721,100,100,5,10,50,10,1
"30",106.989247312,98.0295566502,92.9906542056,106.989247312,43.2706669633373,44.8649424234739,NA,NA,0.01,0.02,0.0176539272896681,1.61741952772986e-05,0.00402171546448759,0.0102242212580176,16.0016944467955,55,-256.721734303776,14.7738564004726,-112.249940520427,16.4710453735195,-162.627145754552,NA,329.804187292259,14.009874433983,-274.548757255536,17.0976219906744,-113.783253460009,18.7382151640004,-168.266128468948,7.45679439896596,303.26854548611,16.3622681627428,100,100,5,10,50,10,1
"31",99.5,101.015228426,111.173184358,102.051282051,434.755095471007,360.979056628738,NA,NA,0.01,0.05,0.0110820646227195,1.27798638177412e-05,0.00357489353935766,0.0101586500167686,65.7804825120593,57,-54.9168908084276,25.277056989423,-41.4414371646243,31.2119712686688,-114.641753084159,39.9518624291602,-107.5136608091,36.20803980485,-54.3045766460944,27.1718278325526,-40.2338345573446,32.8999419320831,-119.057866629395,41.2979062147832,-111.121334251666,37.7069572555185,100,100,5,10,50,10,1
"32",116.374269006,95.2153110048,107.567567568,103.645833333,52.8960798840203,54.2915478866674,NA,NA,0.01,0.05,0.016374059072915,1.07908968145362e-05,0.00328495004749481,0.0102343679734982,65.542896376017,141,-286.69132023756,18.8437759054694,-140.558798097239,20.6618573579277,607.732494376974,17.6835449809708,167.841470264909,24.5629005255489,-306.808604895262,21.0560564707062,-143.568040914333,22.8292337523892,528.052170909687,19.9266522392727,162.908404243845,26.6419593994894,100,100,5,10,50,10,1
"33",111.173184358,93.4272300469,103.10880829,87.2807017544,209.296133306838,203.284148007944,NA,NA,0.01,0.05,0.0118958880385717,1.18419178542079e-05,0.00344120877806156,0.0102561471310795,100.295738508661,77,-63.3967973217175,24.8672728619984,-47.7270223139023,29.7007902739882,-184.366793508301,43.2486176258329,-154.135055430698,37.2296564912256,-62.1112509535839,26.987198253003,-46.1410476749666,31.7348268808977,-188.810704042827,45.036940045689,-156.583029187183,39.1306576146674,100,100,5,10,50,10,1
"34",93.4272300469,97.5490196078,89.6396396396,90.4545454545,214.848826210284,227.09119099324,NA,NA,0.01,0.05,0.0118555304929689,2.87431284710092e-05,0.00536126183570708,0.0103876913756724,58.8691870732334,48,-44.5996468897246,14.4253256348029,-29.0920215588591,19.4036661766855,-129.669973538147,31.7605908894456,-115.972758337028,27.6671155037894,-42.2503677177768,16.900789584971,-27.0083630296231,21.818529308905,-124.361571293857,34.214456716616,-111.325155284818,30.0899439494469,100,100,5,10,50,10,1
"35",109.340659341,105.291005291,95.6730769231,102.577319588,652.047144519908,672.716315258358,NA,NA,0.01,0.05,0.0108285875818698,5.93768760586442e-06,0.00243673708180928,0.0103330840155481,69.3495223677743,78,-72.3326984344165,40.5100041120589,-59.8005585927172,46.9537784983336,-111.038479978783,43.8651081341347,-116.811470927912,47.4672326252484,-70.1119740634962,42.7686200519314,-57.6590019384852,49.2213985909809,-108.50660963755,46.1273558998763,-114.223577456247,49.7359175200102,100,100,5,10,50,10,1
"36",99.5,96.1352657005,93.8679245283,99.0049751244,-4278.83558611793,3635.04873831749,NA,NA,0.01,0.05,0.0102410594983269,8.21290317972897e-06,0.00286581631995649,0.0101493596732821,106.521583354309,65,-57.9040144851979,35.7096537534105,-46.6660649003204,43.4641217735848,-115.367594301827,68.9320755627229,-96.3552202856137,48.4701950338101,-57.5426324315742,37.189580614069,-45.7237722391151,44.6017191419866,-120.271087722061,68.5856209230133,-99.0854387787999,49.3606190375465,100,100,5,10,50,10,1
"37",101.015228426,104.188481675,94.7619047619,99.5,347.185609455929,329.015749655949,NA,NA,0.01,0.05,0.0112733768945108,1.36964517994605e-05,0.00370087176209343,0.0102602541680702,21.2036499419363,47,-54.7551008672336,23.9052238446145,-40.8272296209914,29.558929407277,-74.7189079989307,15.1597849914791,-102.428966944903,30.3367132194782,-53.2556976085091,26.0513029699052,-39.1250486940227,31.6077503670442,-73.6483876062077,17.5029737123609,-102.208472366765,32.3725479432784,100,100,5,10,50,10,1
"38",93.4272300469,94.3127962085,110.555555556,117.75147929,40.2455018192832,42.6474841717574,NA,NA,0.01,0.05,0.0181754944121774,1.44263555637692e-05,0.00379820425514073,0.0103594804125971,56.6688907532562,67,-760.178268217352,15.0329257506106,-175.02343806338,16.5301000426201,234.54045535219,13.507911919303,183.971523420571,14.7480084741844,-694.20134762156,17.4704635963944,-169.418719451198,18.9398891520279,243.629960958098,15.9834992546542,190.366598194943,17.1918055950057,100,100,5,10,50,10,1
"39",103.10880829,101.530612245,104.736842105,100.505050505,44.5624865118601,46.3589413941796,NA,NA,0.01,0.05,0.0174516688108921,1.92927981409492e-05,0.004392356786618,0.0102613982113313,30.8680337410925,53,-159.735439495852,13.8228241435719,-81.7390391054756,15.6854389076009,-677.31315401553,9.63100909770622,419.310574319186,14.0095584422219,-162.109404214815,16.2118637721046,-80.8337374745344,18.0138972930784,-764.450715500006,12.2417675063181,392.788533233757,16.3918774607157,100,100,5,10,50,10,1
"40",106.989247312,98.0295566502,92.9906542056,106.989247312,43.2706669633373,45.4867188216299,NA,NA,0.01,0.05,0.0176539272896681,1.61741952772986e-05,0.00402171546448759,0.0103257809214841,16.0016944467955,55,-256.721734303776,14.7738564004726,-112.249940520427,16.4710453735195,-162.627145754552,NA,329.804187292259,14.009874433983,-253.355742415003,17.1871547990957,-109.970853544144,18.845808532334,-160.060292767872,7.47377428042207,334.143231098099,16.4442466682234,100,100,5,10,50,10,1
"41",99.5,101.015228426,111.173184358,102.051282051,464.56914075143,758.843233188724,NA,NA,0.01,0.1,0.0110333136662714,1.37242753242856e-05,0.00370462890507073,0.010594048586536,45.051739045638,57,-53.1553095761202,24.2794507972774,-39.7253643624448,30.276838095239,-96.4182544928321,30.7984741135143,-106.472436296666,36.5827850094721,-49.0904546804117,27.1367123820237,-36.6170532179835,33.3942552339081,-87.5711132754616,33.9423635525144,-96.1552708522923,40.0586816880324,100,100,5,10,50,10,1
"42",116.374269006,95.2153110048,107.567567568,103.645833333,35.7809918985073,37.993271333061,NA,NA,0.01,0.1,0.019095988416864,2.68015895529694e-05,0.00517702516441339,0.0103225050700042,18.9438607696834,46,-174.203243404507,10.9305517255714,-75.1436746674387,12.5976750620688,-363.017475444767,NA,222.852437527616,10.907950746897,-171.846462708997,13.4860568056269,-73.0729779005044,15.0770779246687,-359.594349464165,7.79015188246559,225.47516414963,13.4646864470719,100,100,5,10,50,10,1
"43",111.173184358,93.4272300469,103.10880829,87.2807017544,136.402364258522,142.349907687415,NA,NA,0.01,0.1,0.012725664809462,9.69199705791888e-06,0.00311319724044573,0.0103840171136637,79.5053689925557,66,-81.620052582741,25.8953898274967,-61.394783196003,29.7473671847779,-213.522364965349,32.4893670934659,-180.926708989837,29.231812350356,-78.3842326751468,28.3005994511891,-58.7121457311302,32.1728199040312,-203.094989233072,34.9366909261047,-172.849273339566,31.653801951101,100,100,5,10,50,10,1
"44",93.4272300469,97.5490196078,89.6396396396,90.4545454545,131.040316534076,133.511408592703,NA,NA,0.01,0.1,0.0128225636891314,3.70465167774843e-05,0.00608658498482394,0.0103258981468614,64.462811392023,48,-44.2516679943873,11.6877944649115,-27.225251642701,15.9549864457767,-183.542433477047,28.3677328377479,-145.566330030578,23.5755618043579,-42.2372203165505,14.2074884087183,-25.2882767066362,18.3405444179748,-180.81638170786,30.6200614133692,-143.100320109777,25.8586382695258,100,100,5,10,50,10,1
"45",109.340659341,105.291005291,95.6730769231,102.577319588,-289.058528794185,-299.810869060857,NA,NA,0.01,0.1,0.00915757295422213,1.50554007314636e-05,0.00388012895809709,0.0102693849921829,54.0471735200716,57,-42.9959648350734,25.8678832084081,-31.8229248842796,35.5387213612996,-76.6548949489557,56.9723105093,-77.7174337470912,59.8083345207917,-41.2730495552901,28.0007478876616,-30.0128283267927,37.5259677329341,-75.4778594926565,58.6046489245711,-76.563838940665,61.3864820105672,100,100,5,10,50,10,1
"46",99.5,96.1352657005,93.8679245283,99.0049751244,-847.675649073873,-484.158775362759,NA,NA,0.01,0.1,0.00992480757004595,1.08603991787041e-05,0.00329551197520266,0.0106132869497362,48.7999927368851,55,-50.6687774868482,30.7189321517735,-39.4923189032818,38.994261583317,-83.1637097811435,41.9606119029374,-86.3423413695405,46.2697297746674,-46.6740809989645,33.9250418946905,-36.3220745500328,42.7339637778823,-75.7195229754684,45.927727772116,-78.478582901417,50.6004948204505,100,100,5,10,50,10,1
"47",101.015228426,104.188481675,94.7619047619,99.5,424.898173813487,503.760690100183,NA,NA,0.01,0.1,0.0110996797846838,2.09897347300904e-05,0.00458145552527692,0.0104379899389219,14.3233747741438,39,-46.245065933123,18.422834556025,-32.1919619931559,24.2300867281958,-64.6677840845344,9.64158183943734,-91.9306958058583,27.1801674935482,-43.5752280617101,20.9097801461212,-29.9239280059467,26.7463982346823,-61.2910050009255,12.3315460035285,-87.1105679165707,29.7330784663081,100,100,5,10,50,10,1
"48",93.4272300469,94.3127962085,110.555555556,117.75147929,42.5102248175429,44.2970180417444,NA,NA,0.01,0.1,0.017778427598614,1.74940253270695e-05,0.00418258596170713,0.010253466595162,63.4247025194005,48,-228.435961028339,14.1886143226968,-102.606382500538,15.9020337284644,235.022667715623,14.9348732429601,431.861207119126,12.7707519984299,-236.929636986402,16.558116190131,-102.606203268156,18.2163413067489,226.550179048443,17.2790448832927,399.830468675956,15.1956492586122,100,100,5,10,50,10,1
"49",103.10880829,101.530612245,104.736842105,100.505050505,38.0555373556789,39.7183866600961,NA,NA,0.01,0.1,0.0186016826186895,3.29471254654754e-05,0.00573995866409118,0.0102092638584325,25.2689386443604,45,-106.135045910657,10.0420394223718,-53.2551133012874,11.9462764621063,-878.325127940248,6.9608483328627,295.066109053014,11.2890401969833,-107.799151889478,12.5970721019263,-52.1425235065671,14.381718944053,-1231.51893879548,9.87474798823117,270.672340386138,13.7612021376985,100,100,5,10,50,10,1
"50",106.989247312,98.0295566502,92.9906542056,106.989247312,34.4926004160866,36.7307348065899,NA,NA,0.01,0.1,0.0194029495723583,2.89464205137894e-05,0.00538018777681499,0.0103278974371766,12.6306917039428,55,-169.668284242306,10.3774354210304,-71.8274159676193,12.0288838066592,-173.55887289298,NA,154.676673538316,11.7900722309923,-166.876586582575,12.9677134385326,-69.6855390034871,14.5347796941827,-170.731646263344,5.36342186691206,157.433560755952,14.3063633726829,100,100,5,10,50,10,1
"51",99.5,101.015228426,111.173184358,102.051282051,100.384324230988,100.645742023815,NA,NA,0.05,0,0.0135710988977097,9.6720690876168e-06,0.0031099950301595,0.0102591521960355,39.3702885288086,57,-157.576664465261,31.1418670337145,-119.266082521947,33.4533301036718,-280.518579871354,25.5320233591106,-540.089574297084,31.0378175469067,-160.001550217835,33.1606434361932,-119.751950858537,35.4330047810898,-293.118597160825,27.6467374872851,-595.557952479539,33.0583504701852,100,100,5,10,50,10,1
"52",116.374269006,95.2153110048,107.567567568,103.645833333,62.6326976582897,65.3290163724525,NA,NA,0.05,0,0.0154651414794122,6.53598640443643e-06,0.0025565575300463,0.0103627635187073,54.8607793188418,157,607.500768404646,29.385330455475,2460.1189285418,30.5982067388668,496.273861103054,23.2442457790321,147.81660125603,33.9086225171461,662.607528579112,31.743947954842,3638.32393581604,32.9604235704891,533.242012941501,25.6023798123755,152.925974843311,36.285244396809,100,100,5,10,50,10,1
"53",111.173184358,93.4272300469,103.10880829,87.2807017544,209.296133306838,194.881928033815,NA,NA,0.05,0,0.0118958880385717,6.20707813534864e-06,0.00249140083795214,0.0101854506640221,100.295738508661,77,-121.299321236216,45.9049248351248,-102.850820617076,49.4395781029791,-295.988414918629,56.3215328863362,-233.599551562863,49.5186527360624,-125.248805360302,47.1642811455999,-105.065682888562,50.5548908255598,-333.167829714621,57.1321322096027,-255.224709724947,50.6306475797095,100,100,5,10,50,10,1
"54",93.4272300469,97.5490196078,89.6396396396,90.4545454545,420.697509074465,442.993905512503,NA,NA,0.05,0,0.0111074363298192,1.23007065311527e-05,0.00350723630956807,0.0103549805303479,162.502358300722,57,-68.8684530545748,36.3641964087638,-56.7711053105369,41.3227802222288,-262.448342396995,88.8957629290897,-142.075060570942,50.4971684962286,-66.3798029521487,38.7203008715893,-54.451985758579,43.7071763419878,-253.275621787237,91.9181464200039,-137.949598993866,52.9566413160725,100,100,5,10,50,10,1
"55",109.340659341,105.291005291,95.6730769231,102.577319588,143.849671670713,158.864057240164,NA,NA,0.05,0,0.0126028888360234,5.3355987808811e-06,0.00230989150846552,0.0105046588202219,76.5064056053726,78,-184.181072909001,44.1376233532118,-150.624917452574,46.7732005197601,-364.352944943008,42.4583487135884,-374.306437551106,42.844739069587,-165.359304413253,47.5355798119612,-137.226495729873,50.3104088286064,-301.462621356988,45.7723572383983,-308.322341504606,46.1777320593498,100,100,5,10,50,10,1
"56",99.5,96.1352657005,93.8679245283,99.0049751244,285.626417378566,302.353292015208,NA,NA,0.05,0,0.0114775678713995,9.37598700401199e-06,0.00306202335131723,0.0103751048186189,118.947115337823,75,-84.6045075789411,40.0499639633054,-70.8406895624661,44.3835174243025,-262.619263894501,68.176629720834,-189.053535241639,53.9579709030272,-81.4517589751369,42.5351402584616,-68.0412018825706,46.9224599636001,-249.617973730859,71.1535091696123,-181.299409808579,56.6455233405998,100,100,5,10,50,10,1
"57",101.015228426,104.188481675,94.7619047619,99.5,-482.067217725528,-530.89501578272,NA,NA,0.05,0,0.00962456433483619,5.79532221215655e-06,0.00240734754702277,0.0102524348618214,33.9664713637764,57,-71.1751068836314,70.8709667035836,-63.5877278397401,80.714325424767,-84.8761034482432,51.5391068645228,-98.9214409850897,79.0228427384277,-70.1322501858175,71.9542672870822,-62.3497563677943,81.4907468020101,-84.2493622202457,53.1260649229648,-98.8056863870078,79.8544839130161,100,100,5,10,50,10,1
"58",93.4272300469,94.3127962085,110.555555556,117.75147929,51.0650445807985,53.3226206421269,NA,NA,0.05,0,0.0165820152858882,7.96785591096466e-06,0.00282273907950499,0.0103307596401748,68.0659533359542,67,275.995286215028,24.9857925580189,454.19878597842,26.0104252620694,178.289751708935,22.1899745526181,181.010587488178,22.0521763502354,280.836041293122,27.2689852510732,463.743138572088,28.2876086983728,181.539339281506,24.49408970089,184.295029608632,24.3575250780283,100,100,5,10,50,10,1
"59",103.10880829,101.530612245,104.736842105,100.505050505,51.3183963657968,54.0028868735464,NA,NA,0.05,0,0.0165523955303288,1.55864831809112e-05,0.00394797203395758,0.0103798860103494,35.7062937416912,53,-578.606777258777,20.183649029908,-223.610408478618,21.5687173479493,543.764442940255,16.488831764436,239.854901689744,20.0521725263423,-521.612884267406,22.5829766958695,-212.941727901475,23.9628991697997,606.291083495403,18.9211739555682,253.129424261854,22.4521602756896,100,100,5,10,50,10,1
"60",106.989247312,98.0295566502,92.9906542056,106.989247312,51.1204236540171,53.3372078954719,NA,NA,0.05,0,0.0165755168625343,9.75568378943014e-06,0.00312340900130453,0.0103259708798014,34.283136960888,65,467.605265433971,23.5394672258569,2471.68704635542,24.669272891457,611.865126742416,16.0781888354098,187.014177112511,21.8036951072258,474.343635062121,25.8229859087887,2608.71497778428,26.9440499829922,621.92717029943,18.4611988122307,189.858184290457,24.1029744768222,100,100,5,10,50,10,1
"61",99.5,101.015228426,111.173184358,102.051282051,100.384324230988,99.9767361962166,NA,NA,0.05,0.01,0.0135710988977097,9.6720690876168e-06,0.0031099950301595,0.0102369899238068,39.3702885288086,57,-157.576664465261,31.1418670337145,-119.266082521947,33.4533301036718,-280.518579871354,25.5320233591106,-540.089574297084,31.0378175469067,-161.721947280434,33.0876934888536,-120.7130593045,35.3497269154641,-298.944585421138,27.5960120552431,-620.11238922351,32.9858494043164,100,100,5,10,50,10,1
"62",116.374269006,95.2153110048,107.567567568,103.645833333,52.2766106947335,54.6279121096823,NA,NA,0.05,0.01,0.0164428536633213,6.95842413526713e-06,0.0026378825097542,0.0103409669087248,67.3108686038984,157,242.042946179192,26.2858324335599,347.433898801803,27.2741668313717,190.968084905148,22.4607939794551,108.396451931112,29.6232096705508,248.122698451495,28.5865307882616,357.756649994074,29.5716915383286,195.548704390961,24.7813375466173,111.31741773436,31.9157097279433,100,100,5,10,50,10,1
"63",111.173184358,93.4272300469,103.10880829,87.2807017544,209.296133306838,233.003589571156,NA,NA,0.05,0.01,0.0118958880385717,6.20707813534864e-06,0.00249140083795214,0.0104652949136039,100.295738508661,77,-121.299321236216,45.9049248351248,-102.850820617076,49.4395781029791,-295.988414918629,56.3215328863362,-233.599551562863,49.5186527360624,-113.331902148104,49.1087907923547,-96.5494355062796,52.795670349367,-260.347307076151,60.0104932717306,-210.187861329711,52.8782970608916,100,100,5,10,50,10,1
"64",93.4272300469,97.5490196078,89.6396396396,90.4545454545,420.697509074465,410.474793968219,NA,NA,0.05,0.01,0.0111074363298192,1.23007065311527e-05,0.00350723630956807,0.0102953686018331,162.502358300722,57,-68.8684530545748,36.3641964087638,-56.7711053105369,41.3227802222288,-262.448342396995,88.8957629290897,-142.075060570942,50.4971684962286,-67.1772699807675,38.4540230884004,-54.9874515629726,43.3681928862086,-265.291953095287,90.4316086741517,-141.438943688397,52.4598183740197,100,100,5,10,50,10,1
"65",109.340659341,105.291005291,95.6730769231,102.577319588,143.849671670713,144.584016276565,NA,NA,0.05,0.01,0.0126028888360234,5.3355987808811e-06,0.00230989150846552,0.0102974242216243,76.5064056053726,78,-184.181072909001,44.1376233532118,-150.624917452574,46.7732005197601,-364.352944943008,42.4583487135884,-374.306437551106,42.844739069587,-184.306882663332,46.1710834553829,-150.025834797613,48.7845182685986,-370.994598102097,44.5058607143705,-381.438432250823,44.8890189902673,100,100,5,10,50,10,1
"66",99.5,96.1352657005,93.8679245283,99.0049751244,285.626417378566,282.167278289743,NA,NA,0.05,0.01,0.0114775678713995,9.37598700401199e-06,0.00306202335131723,0.0102962355236031,118.947115337823,75,-84.6045075789411,40.0499639633054,-70.8406895624661,44.3835174243025,-262.619263894501,68.176629720834,-189.053535241639,53.9579709030272,-83.0523546193178,42.1113255789596,-69.1545264736584,46.407236428932,-265.286195830102,69.9754389740233,-189.425156087944,55.8963569073064,100,100,5,10,50,10,1
"67",101.015228426,104.188481675,94.7619047619,99.5,-482.067217725528,-468.101355356117,NA,NA,0.05,0.01,0.00962456433483619,5.79532221215655e-06,0.00240734754702277,0.0103366608274425,33.9664713637764,57,-71.1751068836314,70.8709667035836,-63.5877278397401,80.714325424767,-84.8761034482432,51.5391068645228,-98.9214409850897,79.0228427384277,-68.9110858281843,73.2867115256221,-61.3827083022403,83.2039927717245,-82.4932499041849,53.8489211200428,-96.3989879961934,81.498925470327,100,100,5,10,50,10,1
"68",93.4272300469,94.3127962085,110.555555556,117.75147929,53.4447128851207,53.5457301291484,NA,NA,0.05,0.01,0.016314406804009,1.07288455033416e-05,0.00327549164299676,0.0100891983227845,62.8245038432456,67,1519.13332407647,23.3424473982554,-787.415241927324,24.5884112527984,218.194064480302,22.1813843994152,203.094791282398,22.7683034472379,742.512799463815,25.1694267848004,-1712.58825904396,26.360767603138,191.241095549859,24.0586714432624,179.758174185109,24.6202186122648,100,100,5,10,50,10,1
"69",103.10880829,101.530612245,104.736842105,100.505050505,44.5624865118601,45.3425094330404,NA,NA,0.05,0.01,0.0174516688108921,1.92927981409492e-05,0.004392356786618,0.0101002156711936,30.8680337410925,53,-863.901276758393,17.5700998661012,-227.857537047831,18.8500521613092,373.172219286258,13.7685128623624,163.476832065315,18.1411898489255,-1984.28338816028,19.6595480772562,-265.095610546225,20.8851359778251,301.09451009966,16.0342489150178,149.343533227589,20.2062245799249,100,100,5,10,50,10,1
"70",106.989247312,98.0295566502,92.9906542056,106.989247312,51.1204236540171,52.6458828986735,NA,NA,0.05,0.01,0.0165755168625343,1.06437580701357e-05,0.00326247729036321,0.0102439043036777,34.283136960888,65,677.882173149118,22.9086438744201,-2420.66210513275,24.0840365681615,611.865126742416,16.0781888354098,187.014177112511,21.8036951072258,589.634792425574,25.0421850618855,-5314.16572127218,26.19319728353,539.343769053654,18.3776696914103,181.379935888869,23.960787670045,100,100,5,10,50,10,1
"71",99.5,101.015228426,111.173184358,102.051282051,128.579367825526,125.488828205539,NA,NA,0.05,0.02,0.0128696969242654,1.08591841947247e-05,0.00329532763086232,0.0102134179701949,32.0757858384222,57,-110.396193956466,31.9110911278385,-87.3166049472917,34.7973834454345,-169.373329813615,25.1118166217539,-299.449459863995,34.9524368983911,-112.215991294006,33.7597770354962,-87.662905167499,36.5697470706045,-176.693165260893,27.1325760737723,-328.320939413162,36.7206188117296,100,100,5,10,50,10,1
"72",116.374269006,95.2153110048,107.567567568,103.645833333,52.2766106947335,54.7953111950777,NA,NA,0.05,0.02,0.0164428536633213,6.95842413526713e-06,0.0026378825097542,0.0103596081070249,67.3108686038984,157,242.042946179192,26.2858324335599,347.433898801803,27.2741668313717,190.968084905148,22.4607939794551,108.396451931112,29.6232096705508,251.614073514045,28.6323041524966,365.060427834075,29.6206768896685,197.710827797967,24.8157287091843,112.014739752875,31.9727760566241,100,100,5,10,50,10,1
"73",111.173184358,93.4272300469,103.10880829,87.2807017544,209.296133306838,204.318245397549,NA,NA,0.05,0.02,0.0118958880385717,6.20707813534864e-06,0.00249140083795214,0.0102644462028964,100.295738508661,77,-121.299321236216,45.9049248351248,-102.850820617076,49.4395781029791,-295.988414918629,56.3215328863362,-233.599551562863,49.5186527360624,-121.638301932024,47.6974095643701,-102.513190483716,51.1679251679298,-308.787134889598,57.9162927929714,-240.66794733241,51.2455317417371,100,100,5,10,50,10,1
"74",93.4272300469,97.5490196078,89.6396396396,90.4545454545,420.697509074465,455.075568888392,NA,NA,0.05,0.02,0.0111074363298192,1.27556331166955e-05,0.00357150292127774,0.0103749572513497,162.502358300722,57,-67.7529393392265,35.6569563998185,-55.6589807885806,40.6172387741366,-262.448342396995,88.8957629290897,-142.075060570942,50.4971684962286,-65.0266336841089,38.0966255968854,-53.1840943573962,43.1081148694719,-249.488670850576,92.4272978564998,-136.818473884602,53.1252449136272,100,100,5,10,50,10,1
"75",109.340659341,105.291005291,95.6730769231,102.577319588,143.849671670713,153.98435713673,NA,NA,0.05,0.02,0.0126028888360234,5.3355987808811e-06,0.00230989150846552,0.0104381667854755,76.5064056053726,78,-184.181072909001,44.1376233532118,-150.624917452574,46.7732005197601,-364.352944943008,42.4583487135884,-374.306437551106,42.844739069587,-170.999771168527,47.0890712426697,-141.088570561982,49.8105241383357,-320.750841470687,45.3582144467665,-328.52776475534,45.7562549926068,100,100,5,10,50,10,1
"76",99.5,96.1352657005,93.8679245283,99.0049751244,650.461149528898,577.257755831555,NA,NA,0.05,0.02,0.0108298261234333,8.25681105447996e-06,0.00287346673105501,0.0102523833260591,127.012751260948,75,-78.3221164309191,46.6609982967939,-67.0986764557541,52.1091691952834,-195.023265041598,86.562759745903,-149.258303351578,64.2220329302151,-77.4870662313337,48.3552366729761,-65.9485071259488,53.6826216645015,-200.715823826999,87.1390728454176,-151.679209715688,65.4923990963493,100,100,5,10,50,10,1
"77",101.015228426,104.188481675,94.7619047619,99.5,-482.067217725528,-444.265857716062,NA,NA,0.05,0.02,0.00962456433483619,5.79532221215655e-06,0.00240734754702277,0.0103748658210836,33.9664713637764,57,-71.1751068836314,70.8709667035836,-63.5877278397401,80.714325424767,-84.8761034482432,51.5391068645228,-98.9214409850897,79.0228427384277,-68.3710744822739,73.9075165606005,-60.9538747563558,84.0051010370967,-81.720584858153,54.1833348688624,-95.3455372589547,82.2673849309965,100,100,5,10,50,10,1
"78",93.4272300469,94.3127962085,110.555555556,117.75147929,53.4447128851207,54.2777473025581,NA,NA,0.05,0.02,0.016314406804009,1.07288455033416e-05,0.00327549164299676,0.010173154635321,62.8245038432456,67,1519.13332407647,23.3424473982554,-787.415241927324,24.5884112527984,218.194064480302,22.1813843994152,203.094791282398,22.7683034472379,913.317749464829,25.330003728992,-1196.48646999071,26.5369586395583,200.918894909105,24.2053469385469,188.282770843981,24.7738429043063,100,100,5,10,50,10,1
"79",103.10880829,101.530612245,104.736842105,100.505050505,44.5624865118601,47.1974247021045,NA,NA,0.05,0.02,0.0174516688108921,1.92927981409492e-05,0.004392356786618,0.0103891365766181,30.8680337410925,53,-863.901276758393,17.5700998661012,-227.857537047831,18.8500521613092,373.172219286258,13.7685128623624,163.476832065315,18.1411898489255,-729.54200600164,20.00035743383,-215.564320615688,21.2701784730547,407.422653893938,16.260231814211,171.549876763374,20.5664249904491,100,100,5,10,50,10,1
"80",106.989247312,98.0295566502,92.9906542056,106.989247312,43.2706669633373,44.8649424234739,NA,NA,0.05,0.02,0.0176539272896681,1.61741952772986e-05,0.00402171546448759,0.0102242212580176,16.0016944467955,55,943.593945197641,18.4414907618311,-610.901939462544,19.5902606294829,-635.268174512482,8.12643325387845,147.447955407067,18.0399835589932,745.273528413411,20.6512419418274,-736.304205505688,21.7692427424839,-772.241675824525,10.8702270178799,143.447778778032,20.2608957211356,100,100,5,10,50,10,1
"81",99.5,101.015228426,111.173184358,102.051282051,434.755095471007,360.979056628738,NA,NA,0.05,0.05,0.0110820646227195,1.27798638177412e-05,0.00357489353935766,0.0101586500167686,65.7804825120593,57,-67.4031638546333,35.7205412646981,-55.3834396751379,40.7206869056662,-151.691049209109,55.4068234512752,-141.016125406074,50.8159936759456,-67.5188617465058,37.2386292943903,-54.795289365592,42.0340590989496,-161.257627953863,56.00646052926,-148.932895913304,51.6575034670846,100,100,5,10,50,10,1
"82",116.374269006,95.2153110048,107.567567568,103.645833333,52.8960798840203,54.2915478866674,NA,NA,0.05,0.05,0.016374059072915,1.07908968145362e-05,0.00328495004749481,0.0102343679734982,65.542896376017,141,1272.19337916996,23.1854683786972,-871.649872369581,24.4189353262146,202.376420793844,22.4067395903932,116.246897008401,29.0236059541339,962.777926917423,25.2948946366596,-1115.97421170044,26.5011407882519,194.377006997248,24.533659039282,114.901662301617,31.0065450563039,100,100,5,10,50,10,1
"83",111.173184358,93.4272300469,103.10880829,87.2807017544,209.296133306838,203.284148007944,NA,NA,0.05,0.05,0.0118958880385717,1.18419178542079e-05,0.00344120877806156,0.0102561471310795,100.295738508661,77,-81.723883654293,33.9887501251334,-66.5100337690646,37.867020537237,-295.988414918629,56.3215328863362,-233.599551562863,49.5186527360624,-80.9211898690491,35.9476692153913,-65.296685260848,39.7564384971191,-311.179463882951,57.8329003866503,-242.118713398869,51.180232365203,100,100,5,10,50,10,1
"84",93.4272300469,97.5490196078,89.6396396396,90.4545454545,214.848826210284,227.09119099324,NA,NA,0.05,0.05,0.0118555304929689,2.87431284710092e-05,0.00536126183570708,0.0103876913756724,58.8691870732334,48,-53.0295373917647,21.3072428601709,-39.12129196275,25.4218616482858,-186.836096104399,43.3289550357302,-162.735114242293,38.539986271624,-50.5061075622965,23.7153184747197,-36.8729891395806,27.8340972275474,-178.010120264388,45.9335252976104,-155.540502140374,41.0721913511383,100,100,5,10,50,10,1
"85",109.340659341,105.291005291,95.6730769231,102.577319588,652.047144519908,672.716315258358,NA,NA,0.05,0.05,0.0108285875818698,5.93768760586442e-06,0.00243673708180928,0.0103330840155481,69.3495223677743,78,-91.4400331366542,55.5006100610151,-80.149061503765,60.9227589382741,-143.733863711536,61.2762624807033,-152.046638688042,65.7653962975092,-89.079314118244,57.791578119429,-77.8740990133661,63.2340626572001,-140.850006791657,63.5890259554611,-149.059702059689,68.098043139114,100,100,5,10,50,10,1
"86",99.5,96.1352657005,93.8679245283,99.0049751244,-4278.83558611793,3635.04873831749,NA,NA,0.05,0.05,0.0102410594983269,8.21290317972897e-06,0.00286581631995649,0.0101493596732821,106.521583354309,65,-70.0142786897926,51.1233797917866,-60.5341031086163,58.0332431853589,-143.597859666206,97.6157065957931,-118.812020238972,70.2473738896455,-70.4416012204931,51.8741291733117,-60.329674479975,58.3914676021885,-152.546983748611,94.913234729757,-124.156128365352,69.8087606543944,100,100,5,10,50,10,1
"87",101.015228426,104.188481675,94.7619047619,99.5,347.185609455929,329.015749655949,NA,NA,0.05,0.05,0.0112733768945108,1.36964517994605e-05,0.00370087176209343,0.0102602541680702,21.2036499419363,47,-67.4873422263921,33.7048739147658,-54.9115873727732,38.423153703282,-93.811110146114,24.1686573837249,-135.026240159156,43.0633907626281,-66.2433830252375,35.6844845199967,-53.4149287934834,40.322427363624,-93.2949482335769,26.3099933712334,-136.179178415318,44.8801054645253,100,100,5,10,50,10,1
"88",93.4272300469,94.3127962085,110.555555556,117.75147929,40.2455018192832,42.6474841717574,NA,NA,0.05,0.05,0.0181754944121774,1.44263555637692e-05,0.00379820425514073,0.0103594804125971,56.6688907532562,67,278.073237610995,18.4735727817681,806.690009582834,19.4690268318735,123.224746187638,17.302128249162,109.484169712915,18.4964591878687,290.026276217447,20.8574879490619,896.851848525248,21.8430880362837,127.267150448986,19.7004547803579,113.127174241445,20.8801247135789,100,100,5,10,50,10,1
"89",103.10880829,101.530612245,104.736842105,100.505050505,44.5624865118601,46.3589413941796,NA,NA,0.05,0.05,0.0174516688108921,1.92927981409492e-05,0.004392356786618,0.0102613982113313,30.8680337410925,53,-863.901276758393,17.5700998661012,-227.857537047831,18.8500521613092,373.172219286258,13.7685128623624,163.476832065315,18.1411898489255,-1012.65013237164,19.848231873536,-234.97502000073,21.0982058686342,352.401956256619,16.1595390392329,160.967774393475,20.4056010105491,100,100,5,10,50,10,1
"90",106.989247312,98.0295566502,92.9906542056,106.989247312,43.2706669633373,45.4867188216299,NA,NA,0.05,0.05,0.0176539272896681,1.61741952772986e-05,0.00402171546448759,0.0103257809214841,16.0016944467955,55,943.593945197641,18.4414907618311,-610.901939462544,19.5902606294829,-635.268174512482,8.12643325387845,147.447955407067,18.0399835589932,964.217644212483,20.7820022907921,-601.39042856113,21.9145941568615,-625.152225491702,10.9063480770114,150.003772310823,20.3867445068174,100,100,5,10,50,10,1
"91",99.5,101.015228426,111.173184358,102.051282051,464.56914075143,758.843233188724,NA,NA,0.05,0.1,0.0110333136662714,1.37242753242856e-05,0.00370462890507073,0.010594048586536,45.051739045638,57,-64.8008138070921,34.5356461827962,-52.9088794222199,39.6118210678737,-124.271726561428,44.2598696852275,-139.025703010888,51.43952890496,-59.7014634553313,37.8861042945276,-48.8638603940352,43.2888946739801,-111.036276240392,48.281215674114,-123.074529818238,56.0762824057727,100,100,5,10,50,10,1
"92",116.374269006,95.2153110048,107.567567568,103.645833333,35.7809918985073,37.993271333061,NA,NA,0.05,0.1,0.019095988416864,2.68015895529694e-05,0.00517702516441339,0.0103225050700042,18.9438607696834,46,19863.5639853759,14.0903309753551,-245.398197754998,15.2186484005876,462.576481920474,8.16597817709661,114.15128246294,14.4136922152832,25111.1314973307,16.519671122539,-242.724422374463,17.61779298055,466.937220071009,10.9401426229587,116.40181317776,16.8338042204906,100,100,5,10,50,10,1
"93",111.173184358,93.4272300469,103.10880829,87.2807017544,136.402364258522,142.349907687415,NA,NA,0.05,0.1,0.012725664809462,9.69199705791888e-06,0.00311319724044573,0.0103840171136637,79.5053689925557,66,-115.209913803172,34.0477327398013,-92.2343723515936,36.9841547177882,-429.829731194941,42.1852966027255,-327.932946008809,38.6219668603332,-110.732016050968,36.509888644222,-88.649964887654,39.4785569685195,-394.826496376239,44.749322148682,-306.40034697674,41.1366375098135,100,100,5,10,50,10,1
"94",93.4272300469,97.5490196078,89.6396396396,90.4545454545,131.040316534076,133.511408592703,NA,NA,0.05,0.1,0.0128225636891314,3.70465167774843e-05,0.00608658498482394,0.0103258981468614,64.462811392023,48,-53.1701522388702,17.3770061744927,-37.3246977795278,20.7963229688944,-340.775711735889,37.4942944734724,-239.829151528064,32.1739858120968,-51.1235761276182,19.7349933848976,-35.3376052051254,23.1061833055812,-336.360462903324,39.7178726978807,-236.612575261168,34.4108093740735,100,100,5,10,50,10,1
"95",109.340659341,105.291005291,95.6730769231,102.577319588,-289.058528794185,-299.810869060857,NA,NA,0.05,0.1,0.00915757295422213,1.50554007314636e-05,0.00388012895809709,0.0102693849921829,54.0471735200716,57,-48.8322318132225,40.2044840194977,-39.9923601293835,49.5716266323493,-89.104912577513,91.1418984071866,-90.3482982058249,95.7019292113417,-47.1753577683328,42.1211018562171,-38.2406616447503,51.3365392902941,-88.2254618022689,91.9831597972598,-89.501308034095,96.4139366963593,100,100,5,10,50,10,1
"96",99.5,96.1352657005,93.8679245283,99.0049751244,-847.675649073873,-484.158775362759,NA,NA,0.05,0.1,0.00992480757004595,1.08603991787041e-05,0.00329551197520266,0.0106132869497362,48.7999927368851,55,-59.8275119202641,45.2347702181621,-50.6272189011123,52.8066756955619,-100.11712095663,63.1148603676146,-104.131695963795,69.1208037043308,-55.0179103195176,49.4746089331271,-46.6359343955416,57.764014361282,-90.2716220559082,69.2442952069436,-93.6594062972414,76.038114120191,100,100,5,10,50,10,1
"97",101.015228426,104.188481675,94.7619047619,99.5,424.898173813487,503.760690100183,NA,NA,0.05,0.1,0.0110996797846838,2.09897347300904e-05,0.00458145552527692,0.0104379899389219,14.3233747741438,39,-54.8904185787649,27.0013788833818,-42.6304582601113,31.9389623489489,-78.9309417425238,17.3251778806378,-118.144396552282,39.5786647943747,-51.9153707592631,29.5517359162097,-40.0747089689691,34.5739228827563,-74.8585312977789,19.8152370179716,-111.489066103761,42.3949300696442,100,100,5,10,50,10,1
"98",93.4272300469,94.3127962085,110.555555556,117.75147929,42.5102248175429,44.2970180417444,NA,NA,0.05,0.1,0.017778427598614,1.74940253270695e-05,0.00418258596170713,0.010253466595162,63.4247025194005,48,1451.7212752811,17.803505357535,-453.554210654455,18.9659287196973,126.443842038709,18.876887671656,160.93770310082,16.7640145548592,1130.63917367517,20.0663712838528,-495.473716003872,21.200797682117,125.379622005771,21.1138282517024,157.9712762555,19.0539781920255,100,100,5,10,50,10,1
"99",103.10880829,101.530612245,104.736842105,100.505050505,38.0555373556789,39.7183866600961,NA,NA,0.05,0.1,0.0186016826186895,3.29471254654754e-05,0.00573995866409118,0.0102092638584325,25.2689386443604,45,-277.626874298234,13.3429036552422,-114.363860148386,14.6548356379771,288.224350052657,10.7789533877889,132.39602200591,14.9673222816978,-303.06660498457,15.7113236183916,-116.644186656242,16.9699787204183,264.984182870061,13.2826275482717,128.79604691856,17.2707961082919,100,100,5,10,50,10,1
"100",106.989247312,98.0295566502,92.9906542056,106.989247312,34.4926004160866,36.7307348065899,NA,NA,0.05,0.1,0.0194029495723583,2.89464205137894e-05,0.00538018777681499,0.0103278974371766,12.6306917039428,55,23863.5677101747,13.4539449944405,-230.201927283826,14.5689210645806,-1662.41671677187,NA,93.8865369994826,15.146015731555,65750.8192464987,15.9070947504516,-226.769381073632,16.9894436635818,-1589.88775440586,8.14893969231121,96.2498498712754,17.5519265450691,100,100,5,10,50,10,1
"101",99.5,101.015228426,111.173184358,102.051282051,100.384324230988,100.645742023815,NA,NA,0.1,0,0.0135710988977097,9.6720690876168e-06,0.0031099950301595,0.0102591521960355,39.3702885288086,57,-235.566701077147,35.9437939455415,-180.932242017875,37.6458184174046,-551.603526389247,30.3506194675702,-3704.31152190308,36.0632008618714,-243.733511324331,37.8808877871817,-184.821712394216,39.5533635446345,-609.698046086762,32.3827551456665,-11042.020097856,37.9982351864281,100,100,5,10,50,10,1
"102",116.374269006,95.2153110048,107.567567568,103.645833333,62.6326976582897,65.3290163724525,NA,NA,0.1,0,0.0154651414794122,6.53598640443643e-06,0.0025565575300463,0.0103627635187073,54.8607793188418,157,276.954658801975,32.5932914469762,352.158919442423,33.4390546095803,258.443755796345,26.6789943914122,123.750370439319,37.0322968485645,289.651739408899,34.963434460821,371.520003976707,35.8132548003516,269.757578568143,29.0333629646343,127.970118237962,39.4279024868948,100,100,5,10,50,10,1
"103",111.173184358,93.4272300469,103.10880829,87.2807017544,209.296133306838,194.881928033815,NA,NA,0.1,0,0.0118958880385717,6.20707813534864e-06,0.00249140083795214,0.0101854506640221,100.295738508661,77,-153.296139904488,53.8750739857788,-134.255899656312,56.5898232224448,-447.064365738713,65.339679644052,-329.431610295131,58.1070549370463,-161.010899488811,54.7977185128654,-139.612995766628,57.3878829495659,-541.55829595399,65.7011928105268,-376.795811571926,58.8332588949161,100,100,5,10,50,10,1
"104",93.4272300469,97.5490196078,89.6396396396,90.4545454545,420.697509074465,442.993905512503,NA,NA,0.1,0,0.0111074363298192,1.23007065311527e-05,0.00350723630956807,0.0103549805303479,162.502358300722,57,-79.7846764452283,44.6769259673046,-68.93795838336,48.6717765539945,-342.621834513014,103.770799747297,-173.251270273762,61.2583535482233,-77.1196588281427,47.0855962397566,-66.448257028174,51.1141909904444,-328.488677356679,107.10707738652,-168.099200873662,63.8376256023943,100,100,5,10,50,10,1
"105",109.340659341,105.291005291,95.6730769231,102.577319588,143.849671670713,158.864057240164,NA,NA,0.1,0,0.0126028888360234,5.3355987808811e-06,0.00230989150846552,0.0105046588202219,76.5064056053726,78,-266.580963278997,50.6816337741622,-221.993816832026,52.6398880326845,-707.268445286508,49.1916566029397,-741.252868777068,49.5936598125498,-230.557641982456,54.4420364164324,-195.939727971685,56.5195584060245,-506.327863779694,52.8646332522179,-523.611990520897,53.2899411185718,100,100,5,10,50,10,1
"106",99.5,96.1352657005,93.8679245283,99.0049751244,285.626417378566,302.353292015208,NA,NA,0.1,0,0.0114775678713995,9.37598700401199e-06,0.00306202335131723,0.0103751048186189,118.947115337823,75,-100.855330604554,48.2262527645652,-87.9771009074087,51.6491217962598,-360.593252429534,79.422783870561,-244.946327113124,64.025785115642,-97.2099704948999,50.8201034868042,-84.7288780607339,54.2972770807116,-338.130056489962,82.6830641392527,-233.35359167171,66.910091083299,100,100,5,10,50,10,1
"107",101.015228426,104.188481675,94.7619047619,99.5,-482.067217725528,-530.89501578272,NA,NA,0.1,0,0.00962456433483619,5.79532221215655e-06,0.00240734754702277,0.0102524348618214,33.9664713637764,57,-79.833526913969,91.0693139929596,-73.6337594928982,99.9697978208904,-94.9499671873817,67.4594398729374,-110.798758396415,102.773584798471,-79.0441472677674,91.485004941631,-72.6595560654476,100.044104931838,-94.6810840485203,68.6410100378401,-111.181610511759,102.734335003915,100,100,5,10,50,10,1
"108",93.4272300469,94.3127962085,110.555555556,117.75147929,51.0650445807985,53.3226206421269,NA,NA,0.1,0,0.0165820152858882,7.96785591096466e-06,0.00282273907950499,0.0103307596401748,68.0659533359542,67,172.536115296478,27.623573627411,203.667182378634,28.3310275399358,133.423854218948,25.0215092314481,134.778201960894,24.8876590424708,175.713789544931,29.8927478315814,207.262945503518,30.5971853607215,136.17757124657,27.3044791805408,137.544692855504,27.1714688928,100,100,5,10,50,10,1
"109",103.10880829,101.530612245,104.736842105,100.505050505,51.3183963657968,54.0028868735464,NA,NA,0.1,0,0.0165523955303288,1.55864831809112e-05,0.00394797203395758,0.0103798860103494,35.7062937416912,53,1049.12622300363,22.9447784596044,-1281.94909148646,23.9244958002266,244.748782121504,19.4101803633048,161.449876925177,22.9472830571714,1301.00688040971,25.336762750219,-1037.36613833174,26.3164564452887,258.490930970144,21.8138603964414,168.582859335517,25.3392657311099,100,100,5,10,50,10,1
"110",106.989247312,98.0295566502,92.9906542056,106.989247312,51.1204236540171,53.3372078954719,NA,NA,0.1,0,0.0165755168625343,9.75568378943014e-06,0.00312340900130453,0.0103259708798014,34.283136960888,65,223.956891508069,26.2272846959016,295.809416821764,27.0132039877402,255.944288185023,18.989621817596,137.766530912137,24.6493187074912,227.119848809187,28.4916259649977,299.761443058273,29.2728993911376,259.431085608209,21.3223757210804,140.278423966743,26.924241062178,100,100,5,10,50,10,1
"111",99.5,101.015228426,111.173184358,102.051282051,100.384324230988,99.9767361962166,NA,NA,0.1,0.01,0.0135710988977097,9.6720690876168e-06,0.0031099950301595,0.0102369899238068,39.3702885288086,57,-235.566701077147,35.9437939455415,-180.932242017875,37.6458184174046,-551.603526389247,30.3506194675702,-3704.31152190308,36.0632008618714,-247.74828851462,37.7857214384007,-187.121095204455,39.4496198326148,-635.457512426364,32.3131840104884,-41534.5828396599,37.9024790570585,100,100,5,10,50,10,1
"112",116.374269006,95.2153110048,107.567567568,103.645833333,52.2766106947335,54.6279121096823,NA,NA,0.1,0.01,0.0164428536633213,6.95842413526713e-06,0.0026378825097542,0.0103409669087248,67.3108686038984,157,161.424436153996,28.9531645510006,184.655946019173,29.6334955559077,140.63811159743,25.3571339726977,93.9905351057927,32.1959000877994,165.302655461697,31.2467649007218,189.076361906926,31.9259806562061,144.094474244333,27.6614695079256,96.719727763767,34.4863316624782,100,100,5,10,50,10,1
"113",111.173184358,93.4272300469,103.10880829,87.2807017544,209.296133306838,233.003589571156,NA,NA,0.1,0.01,0.0118958880385717,6.20707813534864e-06,0.00249140083795214,0.0104652949136039,100.295738508661,77,-153.296139904488,53.8750739857788,-134.255899656312,56.5898232224448,-447.064365738713,65.339679644052,-329.431610295131,58.1070549370463,-141.838088616093,57.4402262074301,-124.965794697226,60.2927266562608,-372.293053441785,69.5367202980813,-286.246699444916,61.8901656564388,100,100,5,10,50,10,1
"114",93.4272300469,97.5490196078,89.6396396396,90.4545454545,420.697509074465,410.474793968219,NA,NA,0.1,0.01,0.0111074363298192,1.23007065311527e-05,0.00350723630956807,0.0102953686018331,162.502358300722,57,-79.7846764452283,44.6769259673046,-68.93795838336,48.6717765539945,-342.621834513014,103.770799747297,-173.251270273762,61.2583535482233,-78.1981485157398,46.6924185461515,-67.2473795787411,50.6511861427228,-348.990297582481,105.094045265333,-173.309250000694,63.1170528036106,100,100,5,10,50,10,1
"115",109.340659341,105.291005291,95.6730769231,102.577319588,143.849671670713,144.584016276565,NA,NA,0.1,0.01,0.0126028888360234,5.3355987808811e-06,0.00230989150846552,0.0102974242216243,76.5064056053726,78,-266.580963278997,50.6816337741622,-221.993816832026,52.6398880326845,-707.268445286508,49.1916566029397,-741.252868777068,49.5936598125498,-269.13507662632,52.6596738770798,-223.119338798951,54.6009664946589,-738.93386650036,51.182463093118,-776.332828999995,51.5810326887665,100,100,5,10,50,10,1
"116",99.5,96.1352657005,93.8679245283,99.0049751244,285.626417378566,282.167278289743,NA,NA,0.1,0.01,0.0114775678713995,9.37598700401199e-06,0.00306202335131723,0.0102962355236031,118.947115337823,75,-100.855330604554,48.2262527645652,-87.9771009074087,51.6491217962598,-360.593252429534,79.422783870561,-244.946327113124,64.025785115642,-99.4985002288662,50.2162809696707,-86.4622314299404,53.6085591353833,-367.534362967883,81.0965349219384,-246.990766932631,65.8673156307283,100,100,5,10,50,10,1
"117",101.015228426,104.188481675,94.7619047619,99.5,-482.067217725528,-468.101355356117,NA,NA,0.1,0.01,0.00962456433483619,5.79532221215655e-06,0.00240734754702277,0.0103366608274425,33.9664713637764,57,-79.833526913969,91.0693139929596,-73.6337594928982,99.9697978208904,-94.9499671873817,67.4594398729374,-110.798758396415,102.773584798471,-77.4963355183437,93.6498369207851,-71.3496153836947,102.638701906011,-92.4688755735254,69.8525370546192,-108.143519950823,105.47225723473,100,100,5,10,50,10,1
"118",93.4272300469,94.3127962085,110.555555556,117.75147929,53.4447128851207,53.5457301291484,NA,NA,0.1,0.01,0.016314406804009,1.07288455033416e-05,0.00327549164299676,0.0100891983227845,62.8245038432456,67,329.071949419274,26.1685733807879,546.436140168395,27.0415572984482,154.351070815549,25.1522671477904,147.418871160392,25.7252144945004,269.604383170847,27.8703886432868,398.007967483774,28.703680063196,141.217889146681,26.8996307001749,135.546403684428,27.4469832132559,100,100,5,10,50,10,1
"119",103.10880829,101.530612245,104.736842105,100.505050505,44.5624865118601,45.3425094330404,NA,NA,0.1,0.01,0.0174516688108921,1.92927981409492e-05,0.004392356786618,0.0101002156711936,30.8680337410925,53,564.327091809446,20.0185843544298,-3620.72680320915,20.9194232849547,194.139641562515,16.3859774223825,120.917716653124,20.6974923770286,412.90322245586,22.0048440705389,2631.52738954964,22.868270482763,173.841599910936,18.5272147129978,113.832162553073,22.6555493062775,100,100,5,10,50,10,1
"120",106.989247312,98.0295566502,92.9906542056,106.989247312,51.1204236540171,52.6458828986735,NA,NA,0.1,0.01,0.0165755168625343,1.06437580701357e-05,0.00326247729036321,0.0102439043036777,34.283136960888,65,258.485361643865,25.6131516858026,372.358017208986,26.4333520896166,255.944288185023,18.989621817596,137.766530912137,24.6493187074912,246.123741536147,27.6913170012519,345.310441552815,28.4951182472377,243.855575730257,21.2110270956976,135.595431023917,26.746942512107,100,100,5,10,50,10,1
"121",99.5,101.015228426,111.173184358,102.051282051,128.579367825526,125.488828205539,NA,NA,0.1,0.02,0.0128696969242654,1.08591841947247e-05,0.00329532763086232,0.0102134179701949,32.0757858384222,57,-143.915207270925,37.4593880742239,-118.193174929054,39.6340389722429,-240.085495313325,30.5041927651302,-540.822467870781,40.9480965579088,-148.550136352079,39.1586679307848,-120.595869672305,41.2714381695063,-257.443415003,32.3891589034304,-649.617790776958,42.5470862999035,100,100,5,10,50,10,1
"122",116.374269006,95.2153110048,107.567567568,103.645833333,52.2766106947335,54.7953111950777,NA,NA,0.1,0.02,0.0164428536633213,6.95842413526713e-06,0.0026378825097542,0.0103596081070249,67.3108686038984,157,161.424436153996,28.9531645510006,184.655946019173,29.6334955559077,140.63811159743,25.3571339726977,93.9905351057927,32.1959000877994,166.845024044145,31.3014620590865,191.096988956541,31.9830837531635,145.265060925483,27.7043261283168,97.2457215937616,34.5529705090145,100,100,5,10,50,10,1
"123",111.173184358,93.4272300469,103.10880829,87.2807017544,209.296133306838,204.318245397549,NA,NA,0.1,0.02,0.0118958880385717,6.20707813534864e-06,0.00249140083795214,0.0102644462028964,100.295738508661,77,-153.296139904488,53.8750739857788,-134.255899656312,56.5898232224448,-447.064365738713,65.339679644052,-329.431610295131,58.1070549370463,-155.092951317632,55.5187024772817,-135.141643730908,58.1791284172313,-479.959323672137,66.7403604715785,-345.907780988984,59.6651519083376,100,100,5,10,50,10,1
"124",93.4272300469,97.5490196078,89.6396396396,90.4545454545,420.697509074465,455.075568888392,NA,NA,0.1,0.02,0.0111074363298192,1.27556331166955e-05,0.00357150292127774,0.0103749572513497,162.502358300722,57,-78.3780306136006,43.8666155183897,-67.5457354169137,47.8636761738487,-342.621834513014,103.770799747297,-173.251270273762,61.2583535482233,-75.3948146573651,46.3977261058689,-64.8241005307894,50.4509410131408,-322.146773563153,107.799033410652,-166.422623993172,64.082793509473,100,100,5,10,50,10,1
"125",109.340659341,105.291005291,95.6730769231,102.577319588,143.849671670713,153.98435713673,NA,NA,0.1,0.02,0.0126028888360234,5.3355987808811e-06,0.00230989150846552,0.0104381667854755,76.5064056053726,78,-266.580963278997,50.6816337741622,-221.993816832026,52.6398880326845,-707.268445286508,49.1916566029397,-741.252868777068,49.5936598125498,-241.67233139528,53.8571539008051,-203.909594334402,55.8894439738244,-563.212500807603,52.3129807807121,-584.680774870173,52.7294236619234,100,100,5,10,50,10,1
"126",99.5,96.1352657005,93.8679245283,99.0049751244,650.461149528898,577.257755831555,NA,NA,0.1,0.02,0.0108298261234333,8.25681105447996e-06,0.00287346673105501,0.0102523833260591,127.012751260948,75,-91.0463910925017,57.0637856093903,-81.0897460167629,61.5044384814665,-239.252991591665,103.075688544143,-179.610996366519,77.7856967257386,-90.6349050853302,58.5192168809484,-80.3408500323112,62.8471325400663,-249.004709793462,103.022390062041,-184.0975181853,78.6561133833121,100,100,5,10,50,10,1
"127",101.015228426,104.188481675,94.7619047619,99.5,-482.067217725528,-444.265857716062,NA,NA,0.1,0.02,0.00962456433483619,5.79532221215655e-06,0.00240734754702277,0.0103748658210836,33.9664713637764,57,-79.833526913969,91.0693139929596,-73.6337594928982,99.9697978208904,-94.9499671873817,67.4594398729374,-110.798758396415,102.773584798471,-76.814054572136,94.6659503970102,-70.7708699770263,103.860509972229,-91.4991385687456,70.416300320402,-106.819506326044,106.762881763675,100,100,5,10,50,10,1
"128",93.4272300469,94.3127962085,110.555555556,117.75147929,53.4447128851207,54.2777473025581,NA,NA,0.1,0.02,0.016314406804009,1.07288455033416e-05,0.00327549164299676,0.010173154635321,62.8245038432456,67,329.071949419274,26.1685733807879,546.436140168395,27.0415572984482,154.351070815549,25.1522671477904,147.418871160392,25.7252144945004,289.245596604855,28.0674130466449,442.351907794833,28.9127063648384,146.426028662208,27.0831237768187,140.337516490331,27.6380462013321,100,100,5,10,50,10,1
"129",103.10880829,101.530612245,104.736842105,100.505050505,44.5624865118601,47.1974247021045,NA,NA,0.1,0.02,0.0174516688108921,1.92927981409492e-05,0.004392356786618,0.0103891365766181,30.8680337410925,53,564.327091809446,20.0185843544298,-3620.72680320915,20.9194232849547,194.139641562515,16.3859774223825,120.917716653124,20.6974923770286,643.040375815253,22.432702521585,-2054.42048440229,23.3307171248783,204.683135508743,18.8295934861353,126.292912699686,23.1093472215503,100,100,5,10,50,10,1
"130",106.989247312,98.0295566502,92.9906542056,106.989247312,43.2706669633373,44.8649424234739,NA,NA,0.1,0.02,0.0176539272896681,1.61741952772986e-05,0.00402171546448759,0.0102242212580176,16.0016944467955,55,258.337924395307,20.8034834877192,461.016109600387,21.6054188122399,786.29435715448,10.6823972281342,111.835886831851,20.5219717774381,242.470174364418,22.9514495798183,409.212471055695,23.7335099543514,644.007702335729,13.2001933601213,110.369111190553,22.6770227831739,100,100,5,10,50,10,1
"131",99.5,101.015228426,111.173184358,102.051282051,434.755095471007,360.979056628738,NA,NA,0.1,0.05,0.0110820646227195,1.27798638177412e-05,0.00357489353935766,0.0101586500167686,65.7804825120593,57,-77.8958331850333,43.9792713275692,-67.1490069299667,48.013044843117,-185.788445854516,66.8613182269394,-171.585786778605,61.6908615742022,-78.754082284114,45.149149085667,-67.2482022442402,48.9937333150015,-201.556583801762,66.7809120854489,-184.595604640434,61.9310311438734,100,100,5,10,50,10,1
"132",116.374269006,95.2153110048,107.567567568,103.645833333,52.8960798840203,54.2915478866674,NA,NA,0.1,0.05,0.016374059072915,1.07908968145362e-05,0.00328495004749481,0.0102343679734982,65.542896376017,141,314.92394167452,25.9843602604632,509.328165666203,26.8480086457201,146.603282835622,25.3408126032577,99.3590247504823,31.6815009564763,293.393292924391,28.0325887497998,452.634657683352,28.8776477269807,143.292893109864,27.4029526601312,98.9244172367959,33.6069793876355,100,100,5,10,50,10,1
"133",111.173184358,93.4272300469,103.10880829,87.2807017544,209.296133306838,203.284148007944,NA,NA,0.1,0.05,0.0118958880385717,1.18419178542079e-05,0.00344120877806156,0.0102561471310795,100.295738508661,77,-98.2561907710933,40.861904651815,-83.6513999018039,43.8860312399363,-447.064365738713,65.339679644052,-329.431610295131,58.1070549370463,-98.0072206382057,42.695843456092,-82.9075237692342,45.6619400319389,-485.76403419813,66.6296453790406,-348.912665907242,59.5766510230914,100,100,5,10,50,10,1
"134",93.4272300469,97.5490196078,89.6396396396,90.4545454545,214.848826210284,227.09119099324,NA,NA,0.1,0.05,0.0118555304929689,2.87431284710092e-05,0.00536126183570708,0.0103876913756724,58.8691870732334,48,-60.391923556538,26.7285471849582,-47.7592269548649,29.9669037336649,-249.717431894041,51.5340773626823,-212.078342989585,46.3228964767913,-57.6962773559169,29.1463331206489,-45.3474521394125,32.4054672877733,-235.638131081222,54.2913982786105,-201.315148670657,48.9791470645171,100,100,5,10,50,10,1
"135",109.340659341,105.291005291,95.6730769231,102.577319588,652.047144519908,672.716315258358,NA,NA,0.1,0.05,0.0108285875818698,5.93768760586442e-06,0.00243673708180928,0.0103330840155481,69.3495223677743,78,-107.399318000802,67.2450088291812,-97.3061312025141,71.6528753796315,-172.505338453428,74.4296976986303,-183.184455169192,79.5495774557709,-104.901435810227,69.5847395448751,-94.897217367011,74.0152008493472,-169.240962538103,76.8073685986929,-179.761790037352,81.9577114591306,100,100,5,10,50,10,1
"136",99.5,96.1352657005,93.8679245283,99.0049751244,-4278.83558611793,3635.04873831749,NA,NA,0.1,0.05,0.0102410594983269,8.21290317972897e-06,0.00286581631995649,0.0101493596732821,106.521583354309,65,-79.6438006329223,63.9188304954102,-71.5752603271783,69.7691998762232,-166.224653612294,120.716867816272,-136.935036115732,87.7279027817449,-80.8190451303858,63.9095756824502,-72.1165341683498,69.3642681207121,-179.148842987015,115.597318679464,-144.839270789251,85.9192270304169,100,100,5,10,50,10,1
"137",101.015228426,104.188481675,94.7619047619,99.5,347.185609455929,329.015749655949,NA,NA,0.1,0.05,0.0112733768945108,1.36964517994605e-05,0.00370087176209343,0.0102602541680702,21.2036499419363,47,-78.3136014034604,41.3902834607189,-66.9470016542196,45.1671644292716,-110.990383791943,30.9926965033119,-165.422473065393,52.4768583539977,-77.3368068223769,43.2372588646513,-65.6908991182828,46.9449512012194,-111.091521838747,33.0175947259403,-168.221720810085,54.1108752337587,100,100,5,10,50,10,1
"138",93.4272300469,94.3127962085,110.555555556,117.75147929,40.2455018192832,42.6474841717574,NA,NA,0.1,0.05,0.0181754944121774,1.44263555637692e-05,0.00379820425514073,0.0103594804125971,56.6688907532562,67,157.269505568335,20.6535766430201,205.076343735105,21.3416410667299,96.7941827438715,19.6198715946083,88.9341083462097,20.7669963601193,162.512335989338,23.0183166139361,212.514021449112,23.7020114103416,100.1119309866,21.9926088384919,92.0715311605719,23.1309663127394,100,100,5,10,50,10,1
"139",103.10880829,101.530612245,104.736842105,100.505050505,44.5624865118601,46.3589413941796,NA,NA,0.1,0.05,0.0174516688108921,1.92927981409492e-05,0.004392356786618,0.0102613982113313,30.8680337410925,53,564.327091809446,20.0185843544298,-3620.72680320915,20.9194232849547,194.139641562515,16.3859774223825,120.917716653124,20.6974923770286,515.908716139584,22.2415023292381,-9658.08679508011,23.1239730124846,189.795981443379,18.694696584795,120.462830835829,22.9064907590801,100,100,5,10,50,10,1
"140",106.989247312,98.0295566502,92.9906542056,106.989247312,43.2706669633373,45.4867188216299,NA,NA,0.1,0.05,0.0176539272896681,1.61741952772986e-05,0.00402171546448759,0.0103257809214841,16.0016944467955,55,258.337924395307,20.8034834877192,461.016109600387,21.6054188122399,786.29435715448,10.6823972281342,111.835886831851,20.5219717774381,261.811659391991,23.1130752584364,467.499592084968,23.9063794188302,801.219475771819,13.2534965586714,114.209656364482,22.8347932197958,100,100,5,10,50,10,1
"141",99.5,101.015228426,111.173184358,102.051282051,464.56914075143,758.843233188724,NA,NA,0.1,0.1,0.0110333136662714,1.37242753242856e-05,0.00370462890507073,0.010594048586536,45.051739045638,57,-74.5510334723925,42.6919283596302,-63.9715258450483,46.7970245323798,-149.210104333533,54.3837952629457,-168.474866789384,62.5386525932933,-68.4405462604274,46.5923603248012,-58.9521086983719,51.0242815511953,-131.232194008658,59.3021602846299,-146.334078610618,68.3260787568703,100,100,5,10,50,10,1
"142",116.374269006,95.2153110048,107.567567568,103.645833333,35.7809918985073,37.993271333061,NA,NA,0.1,0.1,0.019095988416864,2.68015895529694e-05,0.00517702516441339,0.0103225050700042,18.9438607696834,46,292.784349129592,16.1305753160436,1272.42991647644,16.917658694136,192.78874705577,10.4479226566955,88.9077555597866,16.5505766129278,295.786206124111,18.5089226274599,1291.81577789144,19.2801576176665,195.281388090315,13.0311593791414,91.11431110408,18.9202467791427,100,100,5,10,50,10,1
"143",111.173184358,93.4272300469,103.10880829,87.2807017544,136.402364258522,142.349907687415,NA,NA,0.1,0.1,0.012725664809462,9.69199705791888e-06,0.00311319724044573,0.0103840171136637,79.5053689925557,66,-150.444607635144,39.8905882654212,-124.8521600827,42.1055283565776,-1002.32395084843,48.6938513384015,-609.442866027782,44.9899358216077,-144.227861878848,42.4220228920904,-119.942644918914,44.6683731444282,-836.964930691181,51.3652718945952,-543.045171145647,47.5976007175969,100,100,5,10,50,10,1
"144",93.4272300469,97.5490196078,89.6396396396,90.4545454545,131.040316534076,133.511408592703,NA,NA,0.1,0.1,0.0128225636891314,3.70465167774843e-05,0.00608658498482394,0.0103258981468614,64.462811392023,48,-61.2789439421033,21.7420994405735,-46.3787775646604,24.3723536913054,-665.025284774601,43.668691677107,-383.080181333027,38.0845557773362,-59.2039583425354,24.0418712194261,-44.356465785278,26.6491700361706,-653.989223271717,45.8852271801017,-378.040449047084,40.3071261715998,100,100,5,10,50,10,1
"145",109.340659341,105.291005291,95.6730769231,102.577319588,-289.058528794185,-299.810869060857,NA,NA,0.1,0.1,0.00915757295422213,1.50554007314636e-05,0.00388012895809709,0.0102693849921829,54.0471735200716,57,-53.4007543585933,53.3003250153623,-46.1683224030566,61.7051137780272,-98.2381695209312,123.560194186582,-99.5893314267949,130.005864976202,-51.8043986633538,54.9999924232468,-44.4796947346193,63.2459205872129,-97.6086933150389,123.358090233249,-98.9991005155453,129.561679931443,100,100,5,10,50,10,1
"146",99.5,96.1352657005,93.8679245283,99.0049751244,-847.675649073873,-484.158775362759,NA,NA,0.1,0.1,0.00992480757004595,1.08603991787041e-05,0.00329551197520266,0.0106132869497362,48.7999927368851,55,-67.0371374837651,57.6546534824456,-59.3249257110283,64.1769638605042,-113.428545648407,80.6767159460045,-118.049929588486,88.1507709363107,-61.4984137827771,63.1350587678325,-54.5632839984193,70.440064190726,-101.421189903397,89.3315371149729,-105.236669057036,98.0877854346272,100,100,5,10,50,10,1
"147",101.015228426,104.188481675,94.7619047619,99.5,424.898173813487,503.760690100183,NA,NA,0.1,0.1,0.0110996797846838,2.09897347300904e-05,0.00458145552527692,0.0104379899389219,14.3233747741438,39,-62.1758059001671,33.9100182976599,-51.3348775196943,37.8913278903601,-91.5134579437172,23.1989392449761,-141.707586818507,48.901426451995,-58.9071886318871,36.5862576768344,-48.4909573459846,40.6627363222946,-86.7190096440828,25.7054675263855,-133.034673743679,52.0109747024812,100,100,5,10,50,10,1
"148",93.4272300469,94.3127962085,110.555555556,117.75147929,42.5102248175429,44.2970180417444,NA,NA,0.1,0.1,0.017778427598614,1.74940253270695e-05,0.00418258596170713,0.010253466595162,63.4247025194005,48,279.771638345,20.1370480714178,572.946533729567,20.9493871628288,100.015030755051,21.2829219043539,118.000888299146,19.2359594896755,267.058512132642,22.3456137943887,516.620203308869,23.1405909893942,100.11854457981,23.467172502527,117.337140359324,21.4646122033822,100,100,5,10,50,10,1
"149",103.10880829,101.530612245,104.736842105,100.505050505,38.0555373556789,39.7183866600961,NA,NA,0.1,0.1,0.0186016826186895,3.29471254654754e-05,0.00573995866409118,0.0102092638584325,25.2689386443604,45,-6578.63927254276,15.5139809950626,-289.73174988028,16.438599061832,160.056607736542,13.1159134882199,100.214370536189,17.225797091039,5644.82289895721,17.7978082389137,-317.77110761339,18.6910885757704,153.936247343301,15.494390401838,98.9932203788648,19.4531370706159,100,100,5,10,50,10,1
"150",106.989247312,98.0295566502,92.9906542056,106.989247312,34.4926004160866,36.7307348065899,NA,NA,0.1,0.1,0.0194029495723583,2.89464205137894e-05,0.00538018777681499,0.0103278974371766,12.6306917039428,55,285.386423747976,15.4372680526046,1420.43328377631,16.2141697029646,373.825887481267,7.15843801303064,76.534309808406,17.1695242089409,289.694454523105,17.8363074025271,1478.6506422368,18.5963405738602,379.717436759776,10.073231279379,78.8273640010952,19.5334806898384,100,100,5,10,50,10,1
